{
    "count": 84,
    "list": [{
        "id": 1,
        "category_id": 1,
        "name": "感冒发烧",
        "image": "topic\/default.jpg",
        "sum": 179,
        "create_time": 0,
        "update_time": 1662059422,
        "delete_time": 0,
        "is_recommend": 1,
        "is_follow": 0
    }, {
        "id": 2,
        "category_id": 2,
        "name": "腰酸背痛",
        "image": "topic\/default.jpg",
        "sum": 158,
        "create_time": 0,
        "update_time": 1649236095,
        "delete_time": 0,
        "is_recommend": 1,
        "is_follow": 0
    }, {
        "id": 3,
        "category_id": 1,
        "name": "关节炎",
        "image": "topic\/default.jpg",
        "sum": 20,
        "create_time": 0,
        "update_time": 1656392154,
        "delete_time": 0,
        "is_recommend": 1,
        "is_follow": 0
    }, {
        "id": 4,
        "category_id": 1,
        "name": "腹痛腹泻",
        "image": "topic\/default.jpg",
        "sum": 5,
        "create_time": 0,
        "update_time": 1648882930,
        "delete_time": 0,
        "is_recommend": 1,
        "is_follow": 0
    }, {
        "id": 5,
        "category_id": 1,
        "name": "心绞痛",
        "image": "topic\/default.jpg",
        "sum": 132,
        "create_time": 0,
        "update_time": 1620345085,
        "delete_time": 0,
        "is_recommend": 1,
        "is_follow": 0
    }, {
        "id": 6,
        "category_id": 1,
        "name": "头晕头痛",
        "image": "topic\/default.jpg",
        "sum": 2,
        "create_time": 0,
        "update_time": 1621924313,
        "delete_time": 0,
        "is_recommend": 1,
        "is_follow": 0
    }, {
        "id": 7,
        "category_id": 1,
        "name": "胃酸胃痛",
        "image": "topic\/default.jpg",
        "sum": 1,
        "create_time": 0,
        "update_time": 1648806030,
        "delete_time": 0,
        "is_recommend": 1,
        "is_follow": 0
    }, {
        "id": 8,
        "category_id": 1,
        "name": "食欲不振",
        "image": "topic\/default.jpg",
        "sum": 2,
        "create_time": 0,
        "update_time": 1635494136,
        "delete_time": 0,
        "is_recommend": 1,
        "is_follow": 0
    }, {
        "id": 9,
        "category_id": 1,
        "name": "妇科疾病",
        "image": "topic\/default.jpg",
        "sum": 10,
        "create_time": 0,
        "update_time": 0,
        "delete_time": 0,
        "is_recommend": 1,
        "is_follow": 0
    }, {
        "id": 10,
        "category_id": 1,
        "name": "男科疾病",
        "image": "topic\/default.jpg",
        "sum": 0,
        "create_time": 0,
        "update_time": 0,
        "delete_time": 0,
        "is_recommend": 1,
        "is_follow": 0
    }]
}
