{
    "count": 566,
    "list": [{
        "id": 463,
        "type": 3,
        "user_id": 19,
        "topic_id": 1,
        "title": "",
        "content": "胃痛，有什么要忌口的？",
        "image": "joke\/2021-02-21\/1613876867.jpg",
        "images": "",
        "video": "joke\/2021-02-21\/1613876867.mp4",
        "keywords": "测试",
        "status": 1,
        "code": "okxlydbo",
        "create_time": 1613876884,
        "update_time": 0,
        "topic_name": "胃酸胃痛",
        "nickname": "mgFdDk",
        "avatar": "avatar\/default\/3.jpg",
        "quotes": "",
        "is_like": 0,
        "is_favorite": 0
    }, {
        "id": 230,
        "type": 3,
        "user_id": 3,
        "topic_id": 3,
        "title": "",
        "content": "关节痛，怎么办",
        "image": "joke\/2021-01-27\/1611747699.jpg",
        "images": "",
        "video": "joke\/2021-01-27\/1611747699.mp4",
        "keywords": "测试",
        "status": 1,
        "code": "1smn4hm1",
        "create_time": 1611747720,
        "update_time": 0,
        "topic_name": "关节炎",
        "nickname": "aaassw",
        "avatar": "avatar\/default\/1.jpg",
        "quotes": "",
        "is_like": 0,
        "is_favorite": 0
    }]
}
