{
    "count": 566,
    "list": [{
        "id": 536,
        "type": 2,
        "user_id": 31,
        "topic_id": 3,
        "title": "",
        "content": "分享图片",
        "image": "joke\/2021-06-25\/1624590770.jpg",
        "images": "joke\/2021-06-25\/1624590770.jpg,joke\/2021-06-25\/1624590780.jpg,joke\/2021-06-25\/1624590786.jpg,joke\/2021-06-25\/1624590792.jpg",
        "video": "",
        "keywords": "",
        "status": 1,
        "code": "slxmo1xe",
        "create_time": 1624590851,
        "update_time": 0,
        "topic_name": "关节炎",
        "nickname": "楚之棠",
        "avatar": "avatar\/default\/2.jpg",
        "quotes": "哈哈哈哈~",
        "is_like": 0,
        "is_favorite": 0
    }, {
        "id": 308,
        "type": 2,
        "user_id": 15,
        "topic_id": 2,
        "title": "",
        "content": "感冒了，好难受！求安慰！！",
        "image": "",
        "images": "joke\/2021-06-25\/1624590799.jpg,joke\/2021-06-25\/1624590809.jpg,joke\/2021-06-25\/1624590818.jpg",
        "video": "",
        "keywords": "",
        "status": 1,
        "code": "clyh1lhc",
        "create_time": 1612454929,
        "update_time": 0,
        "topic_name": "感冒发烧",
        "nickname": "RoeseF",
        "avatar": "avatar\/default\/13.jpg",
        "quotes": "",
        "is_like": 0,
        "is_favorite": 0
    }, {
        "id": 496,
        "type": 2,
        "user_id": 3,
        "topic_id": 1,
        "title": "",
        "content": "三星：是用户使用不当。特斯拉：是国家电网电流过大。福特：是车主驾驶不当。英菲尼迪：签保密协议吧。",
        "image": "",
        "images": "joke\/2021-06-25\/1624590829.jpg,joke\/2021-06-25\/1624590837.jpg",
        "video": "",
        "keywords": "",
        "status": 1,
        "code": "jcsu55zw",
        "create_time": 1615823977,
        "update_time": 0,
        "topic_name": "胃酸胃痛",
        "nickname": "aaassw",
        "avatar": "avatar\/default\/1.jpg",
        "quotes": "",
        "is_like": 0,
        "is_favorite": 0
    }, {
        "id": 389,
        "type": 2,
        "user_id": 14,
        "topic_id": 2,
        "title": "",
        "content": "感冒了，好难受！求安慰！！",
        "image": "",
        "images": "joke\/2021-06-25\/1624590829.jpg,joke\/2021-06-25\/1624590837.jpg",
        "video": "",
        "keywords": "",
        "status": 1,
        "code": "ufsmbrbt",
        "create_time": 1612499922,
        "update_time": 0,
        "topic_name": "感冒发烧",
        "nickname": "Tieow1",
        "avatar": "avatar\/default\/12.jpg",
        "quotes": "",
        "is_like": 0,
        "is_favorite": 0
    }, {
        "id": 383,
        "type": 2,
        "user_id": 20,
        "topic_id": 2,
        "title": "",
        "content": "感冒了，好难受！求安慰！！",
        "image": "",
        "images": "",
        "video": "",
        "keywords": "",
        "status": 1,
        "code": "ukewxfw5",
        "create_time": 1612457984,
        "update_time": 0,
        "topic_name": "感冒发烧",
        "nickname": "风吹雨",
        "avatar": "avatar\/default\/13.jpg",
        "quotes": "坚持就是胜利",
        "is_like": 0,
        "is_favorite": 0
    }, {
        "id": 230,
        "type": 2,
        "user_id": 3,
        "topic_id": 3,
        "title": "",
        "content": "关节痛，怎么办",
        "image": "joke\/2021-01-27\/1611747699.jpg",
        "images": "",
        "video": "",
        "keywords": "测试",
        "status": 1,
        "code": "1smn4hm1",
        "create_time": 1611747720,
        "update_time": 0,
        "topic_name": "关节炎",
        "nickname": "aaassw",
        "avatar": "avatar\/default\/1.jpg",
        "quotes": "",
        "is_like": 0,
        "is_favorite": 0
    }]
}
