{
    "count": 566,
    "list": [{
        "id": 62,
        "type": 1,
        "user_id": 2,
        "topic_id": 1,
        "title": "",
        "content": "胃痛，吃什么药效果好？",
        "image": "",
        "images": "",
        "video": "",
        "keywords": "测试",
        "status": 1,
        "code": "xy1v4nxr",
        "create_time": 1596814668,
        "update_time": 0,
        "topic_name": "胃酸胃痛",
        "nickname": "梦回困未醒",
        "avatar": "avatar\/2.jpeg",
        "quotes": "",
        "is_like": 0,
        "is_favorite": 0
    }, {
        "id": 463,
        "type": 1,
        "user_id": 19,
        "topic_id": 1,
        "title": "",
        "content": "胃痛，有什么要忌口的？",
        "image": "",
        "images": "",
        "video": "",
        "keywords": "测试",
        "status": 1,
        "code": "okxlydbo",
        "create_time": 1613876884,
        "update_time": 0,
        "topic_name": "胃酸胃痛",
        "nickname": "mgFdDk",
        "avatar": "avatar\/default\/3.jpg",
        "quotes": "",
        "is_like": 0,
        "is_favorite": 0
    }, {
        "id": 308,
        "type": 1,
        "user_id": 15,
        "topic_id": 2,
        "title": "",
        "content": "感冒了，好难受！求安慰！！",
        "image": "",
        "images": "",
        "video": "",
        "keywords": "",
        "status": 1,
        "code": "clyh1lhc",
        "create_time": 1612454929,
        "update_time": 0,
        "topic_name": "感冒发烧",
        "nickname": "RoeseF",
        "avatar": "avatar\/default\/13.jpg",
        "quotes": "",
        "is_like": 0,
        "is_favorite": 0
    }, {
        "id": 496,
        "type": 1,
        "user_id": 3,
        "topic_id": 1,
        "title": "",
        "content": "三星：是用户使用不当。特斯拉：是国家电网电流过大。福特：是车主驾驶不当。英菲尼迪：签保密协议吧。",
        "image": "",
        "images": "",
        "video": "",
        "keywords": "",
        "status": 1,
        "code": "jcsu55zw",
        "create_time": 1615823977,
        "update_time": 0,
        "topic_name": "胃酸胃痛",
        "nickname": "aaassw",
        "avatar": "avatar\/default\/1.jpg",
        "quotes": "",
        "is_like": 0,
        "is_favorite": 0
    }, {
        "id": 389,
        "type": 1,
        "user_id": 14,
        "topic_id": 2,
        "title": "",
        "content": "感冒了，好难受！求安慰！！",
        "image": "",
        "images": "",
        "video": "",
        "keywords": "",
        "status": 1,
        "code": "ufsmbrbt",
        "create_time": 1612499922,
        "update_time": 0,
        "topic_name": "感冒发烧",
        "nickname": "Tieow1",
        "avatar": "avatar\/default\/12.jpg",
        "quotes": "",
        "is_like": 0,
        "is_favorite": 0
    }, {
        "id": 383,
        "type": 1,
        "user_id": 20,
        "topic_id": 2,
        "title": "",
        "content": "感冒了，好难受！求安慰！！",
        "image": "",
        "images": "",
        "video": "",
        "keywords": "",
        "status": 1,
        "code": "ukewxfw5",
        "create_time": 1612457984,
        "update_time": 0,
        "topic_name": "感冒发烧",
        "nickname": "风吹雨",
        "avatar": "avatar\/default\/13.jpg",
        "quotes": "坚持就是胜利",
        "is_like": 0,
        "is_favorite": 0
    }]
}
